¸ù,ÑÜÉú
2079,2115
2079,2116
2079,1921
2079,1032
2079,2752
2079,1721
2079,2753
2079,1715
2079,1660
42,1787
42,1921
42,1514
42,1512
2114,1921
78,60080
89,133
92,92
107,1787
107,1562
107,2079
107,1512
107,1232
107,1514
108,2754
108,108
108,1562
108,89
108,1032
108,1512
108,2116
108,2115
108,305
108,2753
108,2752
108,1514
108,1232
133,906
133,89
192,633
192,602
192,525
192,614
192,997
192,616
193,603
305,305
2730,1522
2730,1715
2730,1756
2730,2730
2730,60080
2730,1660
2730,1231
2730,1757
2730,1524
60083,60080
60083,60078
60083,1522
2751,1715
2751,60080
2751,2116
2751,60078
2751,1522
2751,1660
2751,60084
2751,1514
2751,1757
2751,2730
2751,1524
2751,60083
2751,1512
2751,1756
2751,1231
2751,1232
908,908
908,108
908,305
1233,1002
1233,957
1233,1233
1233,1003
1233,999
1234,999
1234,1003
1234,1002
1420,525
1420,1233
1420,602
1420,615
1420,1234
1420,643
1420,524
1420,647
1420,648
1420,303
1420,322
1420,630
1420,624
1420,6
1420,614
1421,643
1421,602
1421,624
1421,1234
1421,623
1421,322
1421,647
1421,627
1421,525
1421,637
1421,303
1421,6
1421,603
1421,615
1421,648
1421,955
1421,632
1421,634
1421,614
1421,524
1422,630
1422,1234
1422,1233
1422,624
1422,6
1422,525
1422,647
1422,524
1422,633
1422,643
1422,602
1422,303
1422,614
1422,322
1422,648
1422,615
1423,524
1423,615
1423,630
1423,1234
1423,648
1423,303
1423,616
1423,602
1423,614
1423,625
1423,525
1423,1233
1423,623
1423,624
1423,643
1423,322
1423,647
1423,603
1423,6
1424,643
1424,630
1424,624
1424,955
1424,616
1424,6
1424,647
1424,1234
1424,615
1424,603
1424,634
1424,633
1424,648
1424,525
1424,524
1424,623
1424,322
1424,614
1424,303
1424,1233
1424,602
1424,625
1425,643
1425,1233
1425,525
1425,524
1425,647
1425,630
1425,1234
1425,322
1428,524
1428,647
1428,643
1428,648
1428,615
1428,630
1428,602
1428,525
1428,624
1428,614
1428,322
1428,633
1428,6
1428,1234
1428,1233
1428,303
1429,630
1429,1234
1429,524
1429,1233
1429,525
1429,6
1429,624
1429,648
1429,322
1429,602
1429,643
1429,647
1429,303
1429,615
1430,643
1430,1233
1430,1234
1430,524
1430,525
1430,602
1430,6
1430,633
1430,648
1430,614
1430,647
1430,322
1430,615
1430,630
1430,303
1431,1234
1431,525
1431,643
1431,1233
1431,6
1431,322
1431,647
1431,630
1431,524
1431,615
1431,602
1431,303
1431,648
1431,614
1562,2754
1562,2116
1562,1032
1562,2753
1562,2752
1562,2115
1562,1721
1562,1715
1562,1660
1639,1562
1639,1660
1639,1757
1639,2116
1639,1721
1639,1232
1639,133
1639,1514
1639,1921
1639,1756
1639,698
1639,1991
1639,2752
1659,1787
1659,1921
1659,2116
1659,2079
1659,1512
1659,1991
1659,698
1659,1232
1729,1451
1729,2754
1729,42
1729,2115
1729,1232
1729,107
1729,2079
1729,2752
1729,1787
1729,1522
1729,1562
1729,2753
1729,2116
1729,1514
1729,1640
1729,1512
1729,108
1729,60080
1729,2026
1729,1032
1731,2026
1731,1512
1731,1032
1731,1787
1731,1640
1731,1522
1731,42
1731,1757
1731,107
1731,2754
1731,2115
1731,1715
1731,1232
1731,60083
1731,906
1731,60084
1731,1514
1731,2752
1731,1451
1731,698
1731,1562
1731,2079
1731,60078
1731,60080
1731,2116
1731,2753
1731,108
1732,698
1732,1032
1732,108
1732,1659
1732,2116
1732,1640
1732,1451
1732,1232
1732,1715
1732,1562
1732,1756
1732,2079
1732,60088
1732,2754
1732,1514
1732,1512
1732,1660
1732,524
1732,1639
1732,2752
1732,89
1732,525
1732,42
1732,133
1732,2753
1732,2115
1732,1921
1732,1787
1732,2026
1732,107
1756,1757
1756,60080
1756,1522
1756,1756
1756,2730
1756,1231
1756,2116
1756,1715
1756,1660
1757,1756
1757,2116
1757,60080
1757,1757
1757,1522
1757,2730
1757,1715
1757,1231
1757,1660
1787,2116
1787,1787
1787,1032
1787,2754
1787,133
1787,2753
1787,1921
1787,89
1787,305
1787,2752
1787,906
1787,1660
1787,2115
1787,1991
1787,698
1787,908
1787,1715
1804,906
1804,1787
1804,2026
1804,1451
1804,1921
1804,698
1805,1451
1805,1512
1805,1715
1805,1921
1805,1757
1805,1756
1805,1787
1805,1232
1805,1562
1805,60080
1805,698
1805,2079
1805,108
1805,2026
1805,1514
1805,42
1805,2116
1805,906
1805,1522
1806,1451
1806,698
1806,2026
1806,1787
1807,2026
1807,1787
1807,2079
1807,2116
1807,108
1807,1757
1807,1514
1807,1562
1807,1232
1807,1756
1807,42
1807,1032
1807,1451
1807,1522
1807,60080
1807,1715
1807,906
1807,1512
1878,108
1882,89
1882,305
1882,108
1921,1562
1921,60083
1921,1921
1921,60078
1921,1231
1921,133
1921,1757
1921,60084
1921,1232
1921,1660
1921,1514
1921,1756
1922,1032
1922,1922
1922,2115
1922,1512
1991,1660
1991,1787
2026,89
2026,1787
2026,133
2026,908
